{
  "name": "No Route",
  "routeName": "Unknown Route",
  "timestamp": 1774969571892,
  "filledSequence": [
    {
      "sequence": 1,
      "limb": "rightHand",
      "row": 10,
      "col": 13,
      "timestamp": 16710.200000001118,
      "duration": 1724.2000000011176,
      "skeleton": {
        "11": {
          "x": -1.5625817775726318,
          "y": 1.7052497863769531,
          "visibility": 0.9995126128196716
        },
        "12": {
          "x": 0.48138365149497986,
          "y": 1.4652799367904663,
          "visibility": 0.9998185038566589
        },
        "13": {
          "x": -1.7162246704101562,
          "y": 2.7010338306427,
          "visibility": 0.6005496382713318
        },
        "14": {
          "x": 2.114288806915283,
          "y": 1.1926387548446655,
          "visibility": 0.9145285487174988
        },
        "15": {
          "x": -1.684672236442566,
          "y": 3.514847755432129,
          "visibility": 0.46148794889450073
        },
        "16": {
          "x": 0.8146063685417175,
          "y": 0.5596656203269958,
          "visibility": 0.9540975093841553
        },
        "23": {
          "x": -1.029181718826294,
          "y": 3.6249027252197266,
          "visibility": 0.0005943275755271316
        },
        "24": {
          "x": 0.44078943133354187,
          "y": 3.5478672981262207,
          "visibility": 0.0006594860460609198
        },
        "25": {
          "x": -0.7376517653465271,
          "y": 5.035780906677246,
          "visibility": 0.012282421812415123
        },
        "26": {
          "x": 0.6147128939628601,
          "y": 4.959323406219482,
          "visibility": 0.009002630598843098
        },
        "27": {
          "x": -0.4525213837623596,
          "y": 6.578289985656738,
          "visibility": 0.006922029424458742
        },
        "28": {
          "x": 0.9050025939941406,
          "y": 6.5153093338012695,
          "visibility": 0.004714906215667725
        }
      },
      "onRoute": false,
      "prescribedLevel": null,
      "difficultyScore": 0
    },
    {
      "sequence": 2,
      "limb": "leftHand",
      "row": 7,
      "col": 3,
      "timestamp": 20788.200000001118,
      "duration": 1454.5,
      "skeleton": {
        "11": {
          "x": -0.05189347639679909,
          "y": 1.5233569145202637,
          "visibility": 0.9952827095985413
        },
        "12": {
          "x": 1.901633620262146,
          "y": 1.757519245147705,
          "visibility": 0.992313802242279
        },
        "13": {
          "x": -1.437369465827942,
          "y": 1.562164306640625,
          "visibility": 0.9483032822608948
        },
        "14": {
          "x": 2.37884259223938,
          "y": 2.4974584579467773,
          "visibility": 0.41191965341567993
        },
        "15": {
          "x": 0.24401555955410004,
          "y": 0.4310275912284851,
          "visibility": 0.9783464074134827
        },
        "16": {
          "x": 2.546943426132202,
          "y": 2.778188943862915,
          "visibility": 0.24523569643497467
        },
        "23": {
          "x": -0.23794211447238922,
          "y": 3.6536319255828857,
          "visibility": 0.002679282333701849
        },
        "24": {
          "x": 1.1829591989517212,
          "y": 3.7669310569763184,
          "visibility": 0.001821503508836031
        },
        "25": {
          "x": -0.36493104696273804,
          "y": 5.287745475769043,
          "visibility": 0.02229258418083191
        },
        "26": {
          "x": 1.0800994634628296,
          "y": 5.368953704833984,
          "visibility": 0.014642594382166862
        },
        "27": {
          "x": -0.29111289978027344,
          "y": 6.823668003082275,
          "visibility": 0.016575660556554794
        },
        "28": {
          "x": 0.9303415417671204,
          "y": 6.842698574066162,
          "visibility": 0.009084598161280155
        }
      },
      "onRoute": false,
      "prescribedLevel": null,
      "difficultyScore": 0
    },
    {
      "sequence": 3,
      "limb": "rightHand",
      "row": 3,
      "col": 11,
      "timestamp": 24221.60000000149,
      "duration": 1111,
      "skeleton": {
        "11": {
          "x": -1.0323132276535034,
          "y": 1.7807093858718872,
          "visibility": 0.9996097683906555
        },
        "12": {
          "x": 1.1144053936004639,
          "y": 1.516324520111084,
          "visibility": 0.9996898174285889
        },
        "13": {
          "x": -1.191975712776184,
          "y": 2.810243606567383,
          "visibility": 0.6046143770217896
        },
        "14": {
          "x": 2.5300400257110596,
          "y": 1.2445977926254272,
          "visibility": 0.9395617246627808
        },
        "15": {
          "x": -1.2563424110412598,
          "y": 3.5813403129577637,
          "visibility": 0.5014165639877319
        },
        "16": {
          "x": 0.6883083581924438,
          "y": 0.17161788046360016,
          "visibility": 0.9654074907302856
        },
        "23": {
          "x": -0.42857569456100464,
          "y": 3.646474838256836,
          "visibility": 0.0009429287165403366
        },
        "24": {
          "x": 1.1585410833358765,
          "y": 3.5459392070770264,
          "visibility": 0.0008437146316282451
        },
        "25": {
          "x": -0.3040812015533447,
          "y": 5.2297749519348145,
          "visibility": 0.024552080780267715
        },
        "26": {
          "x": 1.1328078508377075,
          "y": 5.122176647186279,
          "visibility": 0.018968306481838226
        },
        "27": {
          "x": -0.050475358963012695,
          "y": 6.79775333404541,
          "visibility": 0.010336755774915218
        },
        "28": {
          "x": 1.3569506406784058,
          "y": 6.658814907073975,
          "visibility": 0.003545354353263974
        }
      },
      "onRoute": false,
      "prescribedLevel": null,
      "difficultyScore": 0
    }
  ],
  "grid": null,
  "rows": 18,
  "cols": 16,
  "routeId": null,
  "hold_duration": 1000,
  "id": "0428543b-f1e9-4ef8-9259-5841f9945025",
  "completed": false
}
