{
  "name": "Addaptive Test",
  "routeName": "Unknown Route",
  "timestamp": 1774976711018,
  "filledSequence": [
    {
      "sequence": 1,
      "limb": "rightHand",
      "row": 16,
      "col": 10,
      "timestamp": 11575.599999997765,
      "duration": 1577.5,
      "skeleton": {
        "11": {
          "x": -1.184807300567627,
          "y": 1.7343151569366455,
          "visibility": 0.9990631937980652
        },
        "12": {
          "x": 0.4794837534427643,
          "y": 1.5924111604690552,
          "visibility": 0.9991398453712463
        },
        "13": {
          "x": -1.4446563720703125,
          "y": 2.5156686305999756,
          "visibility": 0.5940099358558655
        },
        "14": {
          "x": 1.734523057937622,
          "y": 1.5965701341629028,
          "visibility": 0.861556351184845
        },
        "15": {
          "x": -1.374257206916809,
          "y": 3.0759212970733643,
          "visibility": 0.5243886709213257
        },
        "16": {
          "x": 0.6713443398475647,
          "y": 0.939784824848175,
          "visibility": 0.9587829113006592
        },
        "23": {
          "x": -0.7032509446144104,
          "y": 3.2193918228149414,
          "visibility": 0.000496814725920558
        },
        "24": {
          "x": 0.48632702231407166,
          "y": 3.1561977863311768,
          "visibility": 0.0004954688483849168
        },
        "25": {
          "x": -0.48847728967666626,
          "y": 4.472874164581299,
          "visibility": 0.009535674005746841
        },
        "26": {
          "x": 0.6235032677650452,
          "y": 4.410639762878418,
          "visibility": 0.005140896420925856
        },
        "27": {
          "x": -0.3748531639575958,
          "y": 5.668144702911377,
          "visibility": 0.006224295124411583
        },
        "28": {
          "x": 0.7537267804145813,
          "y": 5.567558765411377,
          "visibility": 0.0024149909149855375
        }
      },
      "onRoute": false,
      "prescribedLevel": null,
      "difficultyScore": 0
    },
    {
      "sequence": 2,
      "limb": "leftHand",
      "row": 14,
      "col": 5,
      "timestamp": 15731.79999999702,
      "duration": 1566.300000000745,
      "skeleton": {
        "11": {
          "x": 0.43231332302093506,
          "y": 1.59865403175354,
          "visibility": 0.9983411431312561
        },
        "12": {
          "x": 1.9448970556259155,
          "y": 1.7195264101028442,
          "visibility": 0.9989186525344849
        },
        "13": {
          "x": -0.27471035718917847,
          "y": 1.7440600395202637,
          "visibility": 0.924289882183075
        },
        "14": {
          "x": 2.2400693893432617,
          "y": 2.48286771774292,
          "visibility": 0.2755785882472992
        },
        "15": {
          "x": 0.3256377577781677,
          "y": 0.7913882732391357,
          "visibility": 0.9737458825111389
        },
        "16": {
          "x": 2.4100372791290283,
          "y": 3.0596275329589844,
          "visibility": 0.03394966945052147
        },
        "23": {
          "x": 0.39704710245132446,
          "y": 3.137333393096924,
          "visibility": 0.0013074470916762948
        },
        "24": {
          "x": 1.4534388780593872,
          "y": 3.2016756534576416,
          "visibility": 0.0010887824464589357
        },
        "25": {
          "x": 0.3498644232749939,
          "y": 4.2560601234436035,
          "visibility": 0.01441600639373064
        },
        "26": {
          "x": 1.3837189674377441,
          "y": 4.340987682342529,
          "visibility": 0.010128325782716274
        },
        "27": {
          "x": 0.39012807607650757,
          "y": 5.372807025909424,
          "visibility": 0.015326832421123981
        },
        "28": {
          "x": 1.347481608390808,
          "y": 5.4349470138549805,
          "visibility": 0.006588621996343136
        }
      },
      "onRoute": false,
      "prescribedLevel": null,
      "difficultyScore": 0
    },
    {
      "sequence": 3,
      "limb": "rightHand",
      "row": 14,
      "col": 12,
      "timestamp": 24837.39999999851,
      "duration": 1865,
      "skeleton": {
        "11": {
          "x": -0.6406517028808594,
          "y": 1.781978964805603,
          "visibility": 0.9976353049278259
        },
        "12": {
          "x": 0.9744362235069275,
          "y": 1.5828211307525635,
          "visibility": 0.9986467957496643
        },
        "13": {
          "x": -0.8803192377090454,
          "y": 2.5038838386535645,
          "visibility": 0.5791610479354858
        },
        "14": {
          "x": 2.1359877586364746,
          "y": 1.5696184635162354,
          "visibility": 0.9152028560638428
        },
        "15": {
          "x": -0.9625632762908936,
          "y": 2.7150681018829346,
          "visibility": 0.6094921231269836
        },
        "16": {
          "x": 0.784663736820221,
          "y": 0.806742250919342,
          "visibility": 0.9294319748878479
        },
        "23": {
          "x": -0.14305731654167175,
          "y": 3.2729766368865967,
          "visibility": 0.0010016750311478972
        },
        "24": {
          "x": 1.0449256896972656,
          "y": 3.204878330230713,
          "visibility": 0.0010961255757138133
        },
        "25": {
          "x": -0.0009385424782522023,
          "y": 4.436550140380859,
          "visibility": 0.011674058623611927
        },
        "26": {
          "x": 1.119279146194458,
          "y": 4.46596622467041,
          "visibility": 0.009336656890809536
        },
        "27": {
          "x": 0.10787130892276764,
          "y": 5.655948162078857,
          "visibility": 0.006416617892682552
        },
        "28": {
          "x": 1.2802783250808716,
          "y": 5.641868591308594,
          "visibility": 0.004041370935738087
        }
      },
      "onRoute": false,
      "prescribedLevel": null,
      "difficultyScore": 0
    },
    {
      "sequence": 4,
      "limb": "leftHand",
      "row": 10,
      "col": 3,
      "timestamp": 36194.29999999702,
      "duration": 1200.5999999977648,
      "skeleton": {
        "11": {
          "x": 0.029329227283596992,
          "y": 1.4935444593429565,
          "visibility": 0.998157262802124
        },
        "12": {
          "x": 1.7556524276733398,
          "y": 1.6184974908828735,
          "visibility": 0.9991007447242737
        },
        "13": {
          "x": -0.9251106977462769,
          "y": 1.6198714971542358,
          "visibility": 0.9046739935874939
        },
        "14": {
          "x": 2.1221442222595215,
          "y": 2.508415937423706,
          "visibility": 0.3491590917110443
        },
        "15": {
          "x": 0.22126442193984985,
          "y": 0.5759962797164917,
          "visibility": 0.9856378436088562
        },
        "16": {
          "x": 2.3215861320495605,
          "y": 3.256959915161133,
          "visibility": 0.06236010789871216
        },
        "23": {
          "x": 0.012646748684346676,
          "y": 3.2419395446777344,
          "visibility": 0.001542928977869451
        },
        "24": {
          "x": 1.2039439678192139,
          "y": 3.342571973800659,
          "visibility": 0.0013078799238428473
        },
        "25": {
          "x": -0.03910285234451294,
          "y": 4.6462297439575195,
          "visibility": 0.00911372248083353
        },
        "26": {
          "x": 1.1261882781982422,
          "y": 4.7824177742004395,
          "visibility": 0.006584776099771261
        },
        "27": {
          "x": -0.017208578065037727,
          "y": 5.8998260498046875,
          "visibility": 0.011452092789113522
        },
        "28": {
          "x": 1.1217659711837769,
          "y": 6.022736549377441,
          "visibility": 0.0046356976963579655
        }
      },
      "onRoute": false,
      "prescribedLevel": null,