{
  "name": "Climb Eindhoven 01",
  "routeName": "Route Eindhoven",
  "timestamp": 1774825312084,
  "filledSequence": [
    {
      "sequence": 1,
      "limb": "rightHand",
      "row": 16,
      "col": 4,
      "timestamp": 138168.09999999963,
      "duration": 1284.800000000745,
      "skeleton": {
        "11": {
          "x": -2.0632944107055664,
          "y": 1.109829306602478,
          "visibility": 0.9996803402900696
        },
        "12": {
          "x": -0.10657818615436554,
          "y": 1.0771535634994507,
          "visibility": 0.9997375011444092
        },
        "13": {
          "x": -2.1888058185577393,
          "y": 2.235661268234253,
          "visibility": 0.6145754456520081
        },
        "14": {
          "x": 1.041290521621704,
          "y": 1.6842870712280273,
          "visibility": 0.7211923599243164
        },
        "15": {
          "x": -2.1451127529144287,
          "y": 3.0889995098114014,
          "visibility": 0.47882893681526184
        },
        "16": {
          "x": 0.30374690890312195,
          "y": 0.9275225400924683,
          "visibility": 0.9655243158340454
        },
        "23": {
          "x": -1.5064103603363037,
          "y": 3.0580976009368896,
          "visibility": 0.0012889514910057187
        },
        "24": {
          "x": -0.06705421209335327,
          "y": 2.970122814178467,
          "visibility": 0.001458662562072277
        },
        "25": {
          "x": -1.2204943895339966,
          "y": 4.578904628753662,
          "visibility": 0.016937287524342537
        },
        "26": {
          "x": 0.07444077730178833,
          "y": 4.553659915924072,
          "visibility": 0.008057060651481152
        },
        "27": {
          "x": -1.0338047742843628,
          "y": 6.037666320800781,
          "visibility": 0.010396542027592659
        },
        "28": {
          "x": 0.27564266324043274,
          "y": 5.908183574676514,
          "visibility": 0.004755087196826935
        }
      },
      "onRoute": true,
      "prescribedLevel": "#4CAF50",
      "difficultyScore": 0
    },
    {
      "sequence": 2,
      "limb": "leftHand",
      "row": 14,
      "col": 2,
      "timestamp": 150841.19999999925,
      "duration": 1207.199999999255,
      "skeleton": {
        "11": {
          "x": 0.8167313933372498,
          "y": 1.258484959602356,
          "visibility": 0.9997831583023071
        },
        "12": {
          "x": 2.6346702575683594,
          "y": 1.3832839727401733,
          "visibility": 0.9998000264167786
        },
        "13": {
          "x": -0.491777628660202,
          "y": 1.6544348001480103,
          "visibility": 0.9355112314224243
        },
        "14": {
          "x": 3.0307395458221436,
          "y": 2.2652459144592285,
          "visibility": 0.35045385360717773
        },
        "15": {
          "x": 0.18620917201042175,
          "y": 0.785525918006897,
          "visibility": 0.9973698854446411
        },
        "16": {
          "x": 3.133399248123169,
          "y": 3.0504097938537598,
          "visibility": 0.02365003526210785
        },
        "23": {
          "x": 0.9793279767036438,
          "y": 3.0417673587799072,
          "visibility": 0.0014071620535105467
        },
        "24": {
          "x": 2.090808629989624,
          "y": 3.0895328521728516,
          "visibility": 0.0010264338925480843
        },
        "25": {
          "x": 0.7947605848312378,
          "y": 4.481634140014648,
          "visibility": 0.006379175931215286
        },
        "26": {
          "x": 1.9912688732147217,
          "y": 4.4984965324401855,
          "visibility": 0.0028575053438544273
        },
        "27": {
          "x": 0.7270141839981079,
          "y": 5.676731586456299,
          "visibility": 0.008524196222424507
        },
        "28": {
          "x": 1.8864836692810059,
          "y": 5.711318492889404,
          "visibility": 0.0027293930761516094
        }
      },
      "onRoute": true,
      "prescribedLevel": "#FF9800",
      "difficultyScore": 0
    },
    {
      "sequence": 3,
      "limb": "rightHand",
      "row": 13,
      "col": 7,
      "timestamp": 155156,
      "duration": 1508.5,
      "skeleton": {
        "11": {
          "x": -1.2180594205856323,
          "y": 1.3683668375015259,
          "visibility": 0.9999569058418274
        },
        "12": {
          "x": 0.5848177671432495,
          "y": 1.108483910560608,
          "visibility": 0.9999768137931824
        },
        "13": {
          "x": -1.4974141120910645,
          "y": 2.42043137550354,
          "visibility": 0.729552149772644
        },
        "14": {
          "x": 1.9337108135223389,
          "y": 1.4573843479156494,
          "visibility": 0.8961470127105713
        },
        "15": {
          "x": -1.429144024848938,
          "y": 3.138218402862549,
          "visibility": 0.5879841446876526
        },
        "16": {
          "x": 0.47255244851112366,
          "y": 0.7314044237136841,
          "visibility": 0.984906792640686
        },
        "23": {
          "x": -0.6537355184555054,
          "y": 3.0526418685913086,
          "visibility": 0.0012043769238516688
        },
        "24": {
          "x": 0.6499572992324829,
          "y": 2.9463744163513184,
          "visibility": 0.0011438113870099187
        },
        "25": {
          "x": -0.3928752839565277,
          "y": 4.454861164093018,
          "visibility": 0.023171544075012207
        },
        "26": {
          "x": 0.8267276287078857,
          "y": 4.364781856536865,
          "visibility": 0.008106780238449574
        },
        "27": {
          "x": -0.2265322357416153,
          "y": 5.7801713943481445,
          "visibility": 0.012723494321107864
        },
        "28": {
          "x": 0.9553635120391846,
          "y": 5.6112565994262695,
          "visibility": 0.0044448161497712135
        }
      },
      "onRoute": true,
      "prescribedLevel": "#FF9800",
      "difficultyScore": 17.097596309015795
    },
    {
      "sequence": 4,
      "limb": "leftHand",
      "row": 12,
      "col": 9,
      "timestamp": 162245.09999999963,
      "duration": 1526.7000000001863,
      "skeleton": {
        "11": {
          "x": 0.38815954327583313,
          "y": 1.155303955078125,
          "visibility": 0.9992785453796387
        },
        "12": {
          "x": 2.158529758453369,
          "y": 1.3363690376281738,
          "visibility": 0.999622642993927
        },
        "13": {
          "x": -0.26179301738739014,
          "y": 1.679030418395996,
          "visibility": 0.9044533967971802
        },
        "14": {
          "x": 2.543128490447998,
          "y": 2.194262981414795,
          "visibility": 0.3303510844707489
        },
        "15": {
          "x": 0.6065355539321899,
          "y": 0.6926676034927368,
          "visibility": 0.9970052242279053
        },
        "16": {
          "x": 2.7777740955352783,
          "y": 2.7991085052490234,
          "visibility": 0.053789980709552765
        },
        "23": {
          "x": 0.4123828113079071,
          "y": 2.8878817558288574,
          "visibility": 0.0016406982904300094
        },
        "24": {
          "x": 1.6432141065597534,
          "y": 2.955488443374634,
          "visibility": 0.0015395828522741795
        },
        "25": {
          "x": 0.37839406728744507,
          "y": 4.223718166351318,
          "visibility": 0.009697632864117622
        },
        "26": {
          "x": 1.5357035398483276,
          "y": 4.327590465545654,
          "visibility": 0.006057828199118376
        },
        "27": {
          "x": 0.26070547103881836,
          "y": 5.39506721496582,
          "visibility": 0.012274030596017838
        },
        "28": {
          "x": 1.4535588026046753,
          "y": 5.489897727966309,
          "visibility": 0.003947460558265448
        }
      },
      "onRoute": true,
      "prescribedLevel": "#2196F3",