{
  "name": "Advance Route Addaptive Test",
  "routeName": "Route Eindhoven",
  "timestamp": 1774980165304,
  "filledSequence": [
    {
      "sequence": 1,
      "limb": "rightHand",
      "row": 16,
      "col": 4,
      "timestamp": 16488.300000000745,
      "duration": 1665.1000000014901,
      "skeleton": {
        "11": {
          "x": -0.48407480120658875,
          "y": 1.4149504899978638,
          "visibility": 0.9999204277992249
        },
        "12": {
          "x": 0.8360256552696228,
          "y": 1.2323964834213257,
          "visibility": 0.9999590516090393
        },
        "13": {
          "x": -0.7005923390388489,
          "y": 2.173358917236328,
          "visibility": 0.5531114935874939
        },
        "14": {
          "x": 1.581373929977417,
          "y": 1.4368009567260742,
          "visibility": 0.8801044225692749
        },
        "15": {
          "x": -0.7664939761161804,
          "y": 2.741151809692383,
          "visibility": 0.30690887570381165
        },
        "16": {
          "x": 0.26202747225761414,
          "y": 0.9079574346542358,
          "visibility": 0.9753885269165039
        },
        "23": {
          "x": -0.10671408474445343,
          "y": 2.7119016647338867,
          "visibility": 0.0015977148432284594
        },
        "24": {
          "x": 0.8613733053207397,
          "y": 2.6341359615325928,
          "visibility": 0.0012778652599081397
        },
        "25": {
          "x": -0.00807877629995346,
          "y": 3.725198268890381,
          "visibility": 0.019283393397927284
        },
        "26": {
          "x": 0.9134613275527954,
          "y": 3.6373398303985596,
          "visibility": 0.008505254983901978
        },
        "27": {
          "x": 0.07346873730421066,
          "y": 4.757054328918457,
          "visibility": 0.011798015795648098
        },
        "28": {
          "x": 0.9413344860076904,
          "y": 4.618969440460205,
          "visibility": 0.0039035517256706953
        }
      },
      "onRoute": true,
      "prescribedLevel": "#4CAF50",
      "difficultyScore": 0
    },
    {
      "sequence": 2,
      "limb": "leftHand",
      "row": 14,
      "col": 2,
      "timestamp": 24154,
      "duration": 1719.6000000014901,
      "skeleton": {
        "11": {
          "x": 0.347542941570282,
          "y": 1.3129750490188599,
          "visibility": 0.9995344281196594
        },
        "12": {
          "x": 1.770397424697876,
          "y": 1.40238356590271,
          "visibility": 0.9998363852500916
        },
        "13": {
          "x": -0.43368351459503174,
          "y": 1.6724207401275635,
          "visibility": 0.9022485613822937
        },
        "14": {
          "x": 2.1768922805786133,
          "y": 2.109912157058716,
          "visibility": 0.4033110737800598
        },
        "15": {
          "x": 0.143113374710083,
          "y": 0.8077374696731567,
          "visibility": 0.9946345686912537
        },
        "16": {
          "x": 2.268760919570923,
          "y": 2.6609954833984375,
          "visibility": 0.036942243576049805
        },
        "23": {
          "x": 0.47940489649772644,
          "y": 2.721975803375244,
          "visibility": 0.0005461908294819295
        },
        "24": {
          "x": 1.3405252695083618,
          "y": 2.7361745834350586,
          "visibility": 0.0004993421607650816
        },
        "25": {
          "x": 0.3522365987300873,
          "y": 3.836214780807495,
          "visibility": 0.0045448592863976955
        },
        "26": {
          "x": 1.300174593925476,
          "y": 3.8873581886291504,
          "visibility": 0.0027695726603269577
        },
        "27": {
          "x": 0.37463536858558655,
          "y": 4.763115882873535,
          "visibility": 0.006648389156907797
        },
        "28": {
          "x": 1.30033540725708,
          "y": 4.840113639831543,
          "visibility": 0.0024014373775571585
        }
      },
      "onRoute": true,
      "prescribedLevel": "#FF9800",
      "difficultyScore": 0
    },
    {
      "sequence": 3,
      "limb": "rightHand",
      "row": 13,
      "col": 7,
      "timestamp": 33410.300000000745,
      "duration": 2445.599999997765,
      "skeleton": {
        "11": {
          "x": -0.31112968921661377,
          "y": 1.408524990081787,
          "visibility": 0.9998865723609924
        },
        "12": {
          "x": 0.961144745349884,
          "y": 1.2474652528762817,
          "visibility": 0.9999545812606812
        },
        "13": {
          "x": -0.7448293566703796,
          "y": 2.0346457958221436,
          "visibility": 0.6836315989494324
        },
        "14": {
          "x": 1.7305845022201538,
          "y": 1.2920588254928589,
          "visibility": 0.8921976089477539
        },
        "15": {
          "x": -0.8989930152893066,
          "y": 2.5555241107940674,
          "visibility": 0.3412209451198578
        },
        "16": {
          "x": 0.4854273498058319,
          "y": 0.7544307112693787,
          "visibility": 0.9607082009315491
        },
        "23": {
          "x": 0.03471905365586281,
          "y": 2.6529202461242676,
          "visibility": 0.001451378338970244
        },
        "24": {
          "x": 0.8819658160209656,
          "y": 2.5629844665527344,
          "visibility": 0.0012206253595650196
        },
        "25": {
          "x": 0.03077317401766777,
          "y": 3.698288679122925,
          "visibility": 0.020045854151248932
        },
        "26": {
          "x": 0.9433176517486572,
          "y": 3.6727242469787598,
          "visibility": 0.008854259736835957
        },
        "27": {
          "x": 0.12025626748800278,
          "y": 4.677788257598877,
          "visibility": 0.012680676765739918
        },
        "28": {
          "x": 1.004334807395935,
          "y": 4.59788179397583,
          "visibility": 0.004180939868092537
        }
      },
      "onRoute": true,
      "prescribedLevel": "#FF9800",
      "difficultyScore": 0
    },
    {
      "sequence": 4,
      "limb": "rightHand",
      "row": 11,
      "col": 13,
      "timestamp": 49575.5,
      "duration": 1105.699999999255,
      "skeleton": {
        "11": {
          "x": -0.5115885734558105,
          "y": 1.339355230331421,
          "visibility": 0.9999740123748779
        },
        "12": {
          "x": 1.180877447128296,
          "y": 1.166906714439392,
          "visibility": 0.9999834299087524
        },
        "13": {
          "x": -0.7687819004058838,
          "y": 2.2870466709136963,
          "visibility": 0.6952009201049805
        },
        "14": {
          "x": 2.39483904838562,
          "y": 1.4922704696655273,
          "visibility": 0.9242141842842102
        },
        "15": {
          "x": -0.7715776562690735,
          "y": 2.904097557067871,
          "visibility": 0.513035774230957
        },
        "16": {
          "x": 0.838556170463562,
          "y": 0.6238921284675598,
          "visibility": 0.9925538301467896
        },
        "23": {
          "x": 0.0010999487712979317,
          "y": 2.9817163944244385,
          "visibility": 0.0014718285528942943
        },
        "24": {
          "x": 1.25443696975708,
          "y": 2.897404193878174,
          "visibility": 0.0011191933881491423
        },
        "25": {
          "x": 0.10819575935602188,
          "y": 4.204873085021973,
          "visibility": 0.021180888637900352
        },
        "26": {
          "x": 1.309941053390503,
          "y": 4.180522441864014,
          "visibility": 0.009837811812758446
        },
        "27": {
          "x": 0.2980761229991913,
          "y": 5.394669532775879,
          "visibility": 0.011595460586249828
        },
        "28": {
          "x": 1.4788154363632202,
          "y": 5.342325210571289,
          "visibility": 0.0033970826771110296
        }
      },
      "onRoute": false,
      "prescribedLevel": null,