{
  "name": "Climb 15:11",
  "routeName": "Rec Test Climb",
  "timestamp": 1773929492317,
  "filledSequence": [
    {
      "sequence": 1,
      "limb": "leftHand",
      "row": 16,
      "col": 4,
      "timestamp": 39719.29999999888,
      "duration": 1778.199999999255,
      "skeleton": {
        "11": {
          "x": 0.16484932601451874,
          "y": 0.9052209258079529,
          "visibility": 0.9998820424079895
        },
        "12": {
          "x": 0.8364488482475281,
          "y": 0.9666103720664978,
          "visibility": 0.9998122453689575
        },
        "13": {
          "x": 0.017047880217432976,
          "y": 1.2148983478546143,
          "visibility": 0.9782710075378418
        },
        "14": {
          "x": 0.9615868330001831,
          "y": 1.3199411630630493,
          "visibility": 0.9724852442741394
        },
        "15": {
          "x": 0.2853809893131256,
          "y": 0.9106310606002808,
          "visibility": 0.9819114804267883
        },
        "16": {
          "x": 0.5583779215812683,
          "y": 1.2330104112625122,
          "visibility": 0.9702110290527344
        },
        "23": {
          "x": 0.22918708622455597,
          "y": 1.5015244483947754,
          "visibility": 0.8960973024368286
        },
        "24": {
          "x": 0.6629307866096497,
          "y": 1.5057435035705566,
          "visibility": 0.8886378407478333
        },
        "25": {
          "x": 0.23923048377037048,
          "y": 1.9911028146743774,
          "visibility": 0.10737015306949615
        },
        "26": {
          "x": 0.6521108746528625,
          "y": 1.988617181777954,
          "visibility": 0.0646061897277832
        },
        "27": {
          "x": 0.1961645781993866,
          "y": 2.418135404586792,
          "visibility": 0.016751347109675407
        },
        "28": {
          "x": 0.5979720950126648,
          "y": 2.392045259475708,
          "visibility": 0.011021229438483715
        }
      },
      "onRoute": true,
      "prescribedLevel": "#4CAF50",
      "difficultyScore": 6
    },
    {
      "sequence": 2,
      "limb": "rightHand",
      "row": 15,
      "col": 8,
      "timestamp": 45671.699999999255,
      "duration": 2298.5999999996275,
      "skeleton": {
        "11": {
          "x": 0.09792304039001465,
          "y": 0.8877418637275696,
          "visibility": 0.9999855160713196
        },
        "12": {
          "x": 0.7183791399002075,
          "y": 0.8524719476699829,
          "visibility": 0.9999938011169434
        },
        "13": {
          "x": -0.05348146706819534,
          "y": 1.1827917098999023,
          "visibility": 0.992737352848053
        },
        "14": {
          "x": 1.0332525968551636,
          "y": 1.0271040201187134,
          "visibility": 0.9946485161781311
        },
        "15": {
          "x": 0.026226961985230446,
          "y": 1.0325552225112915,
          "visibility": 0.9889500141143799
        },
        "16": {
          "x": 0.5058798789978027,
          "y": 0.8669897317886353,
          "visibility": 0.9912877678871155
        },
        "23": {
          "x": 0.30655425786972046,
          "y": 1.2521723508834839,
          "visibility": 0.9984792470932007
        },
        "24": {
          "x": 0.6717334985733032,
          "y": 1.2258106470108032,
          "visibility": 0.9989993572235107
        },
        "25": {
          "x": -0.14730149507522583,
          "y": 1.1266306638717651,
          "visibility": 0.8430330157279968
        },
        "26": {
          "x": 0.9908178448677063,
          "y": 1.098704218864441,
          "visibility": 0.9087749123573303
        },
        "27": {
          "x": -0.3254281282424927,
          "y": 1.3718458414077759,
          "visibility": 0.6027342677116394
        },
        "28": {
          "x": 1.245765209197998,
          "y": 1.4113513231277466,
          "visibility": 0.7050927877426147
        }
      },
      "onRoute": true,
      "prescribedLevel": "#FF9800",
      "difficultyScore": 3
    },
    {
      "sequence": 3,
      "limb": "leftHand",
      "row": 17,
      "col": 0,
      "timestamp": 46182.29999999888,
      "duration": 3950.800000000745,
      "skeleton": {
        "11": {
          "x": 0.10418771207332611,
          "y": 0.8803399205207825,
          "visibility": 0.9999850392341614
        },
        "12": {
          "x": 0.7283456325531006,
          "y": 0.8687297105789185,
          "visibility": 0.999991774559021
        },
        "13": {
          "x": -0.04192822426557541,
          "y": 1.162572979927063,
          "visibility": 0.9938420057296753
        },
        "14": {
          "x": 1.0221196413040161,
          "y": 1.049247145652771,
          "visibility": 0.9935258626937866
        },
        "15": {
          "x": 0.035952698439359665,
          "y": 0.9936739206314087,
          "visibility": 0.9896815419197083
        },
        "16": {
          "x": 0.5191405415534973,
          "y": 0.86851567029953,
          "visibility": 0.9886348843574524
        },
        "23": {
          "x": 0.34204813838005066,
          "y": 1.2249035835266113,
          "visibility": 0.9989097714424133
        },
        "24": {
          "x": 0.680260956287384,
          "y": 1.2031426429748535,
          "visibility": 0.9993308782577515
        },
        "25": {
          "x": -0.1445889174938202,
          "y": 1.0926353931427002,
          "visibility": 0.8536619544029236
        },
        "26": {
          "x": 1.0419124364852905,
          "y": 1.1078457832336426,
          "visibility": 0.914582371711731
        },
        "27": {
          "x": -0.37363141775131226,
          "y": 1.350313425064087,
          "visibility": 0.653106689453125
        },
        "28": {
          "x": 1.3224914073944092,
          "y": 1.393074631690979,
          "visibility": 0.7817512154579163
        }
      },
      "onRoute": false,
      "prescribedLevel": null
    },
    {
      "sequence": 4,
      "limb": "leftHand",
      "row": 10,
      "col": 4,
      "timestamp": 52295.09999999963,
      "duration": 1006.2000000011176,
      "skeleton": {
        "11": {
          "x": 0.19813989102840424,
          "y": 0.8273696303367615,
          "visibility": 0.9999867677688599
        },
        "12": {
          "x": 0.7931729555130005,
          "y": 0.864884614944458,
          "visibility": 0.9999944567680359
        },
        "13": {
          "x": -0.1242571547627449,
          "y": 0.931236743927002,
          "visibility": 0.9934384822845459
        },
        "14": {
          "x": 1.1245176792144775,
          "y": 1.0187703371047974,
          "visibility": 0.9607334136962891
        },
        "15": {
          "x": 0.29054757952690125,
          "y": 0.6010236144065857,
          "visibility": 0.9818417429924011
        },
        "16": {
          "x": 0.7075768709182739,
          "y": 0.8741476535797119,
          "visibility": 0.8563796877861023
        },
        "23": {
          "x": 0.2650050222873688,
          "y": 1.2254118919372559,
          "visibility": 0.9993462562561035
        },
        "24": {
          "x": 0.6283051371574402,
          "y": 1.221245527267456,
          "visibility": 0.9996477365493774
        },
        "25": {
          "x": 0.12629398703575134,
          "y": 0.8397171497344971,
          "visibility": 0.8599722385406494
        },
        "26": {
          "x": 1.057652235031128,
          "y": 0.9917067885398865,
          "visibility": 0.9470446705818176
        },
        "27": {
          "x": 0.4347754716873169,
          "y": 0.8671538829803467,
          "visibility": 0.583089292049408
        },
        "28": {
          "x": 1.4101474285125732,
          "y": 1.246567964553833,
          "visibility": 0.8408616185188293
        }
      },
      "onRoute": false,
      "prescribedLevel": null,
      "difficultyScore": 0
    },
    {
      "sequence": 5,
      "limb": "rightHand",