{
  "name": "Climb 15:14",
  "routeName": "Rec Test Climb",
  "timestamp": 1773929671511,
  "filledSequence": [
    {
      "sequence": 1,
      "limb": "leftHand",
      "row": 5,
      "col": 3,
      "timestamp": 26116.900000000373,
      "duration": 3921,
      "skeleton": {
        "11": {
          "x": 0.2728818953037262,
          "y": 0.25792568922042847,
          "visibility": 0.9999731779098511
        },
        "12": {
          "x": 0.8078365325927734,
          "y": 0.27296769618988037,
          "visibility": 0.9999560713768005
        },
        "13": {
          "x": 0.09294848889112473,
          "y": 0.4549690783023834,
          "visibility": 0.9935120940208435
        },
        "14": {
          "x": 1.0788722038269043,
          "y": 0.5257419347763062,
          "visibility": 0.9891025424003601
        },
        "15": {
          "x": 0.21466025710105896,
          "y": 0.3194205164909363,
          "visibility": 0.9907219409942627
        },
        "16": {
          "x": 1.0352890491485596,
          "y": 0.37825632095336914,
          "visibility": 0.990614116191864
        },
        "23": {
          "x": 0.494977742433548,
          "y": 0.707304835319519,
          "visibility": 0.999915599822998
        },
        "24": {
          "x": 0.9012140035629272,
          "y": 0.7277564406394958,
          "visibility": 0.9998711943626404
        },
        "25": {
          "x": 0.38456180691719055,
          "y": 1.2020870447158813,
          "visibility": 0.9955596923828125
        },
        "26": {
          "x": 1.2319964170455933,
          "y": 1.2854351997375488,
          "visibility": 0.997690737247467
        },
        "27": {
          "x": 0.6386106014251709,
          "y": 1.7700010538101196,
          "visibility": 0.9870368838310242
        },
        "28": {
          "x": 1.6402431726455688,
          "y": 1.9362092018127441,
          "visibility": 0.9844865798950195
        }
      },
      "onRoute": false,
      "prescribedLevel": null,
      "difficultyScore": 2
    },
    {
      "sequence": 2,
      "limb": "rightHand",
      "row": 3,
      "col": 14,
      "timestamp": 28379.599999999627,
      "duration": 3148.2000000011176,
      "skeleton": {
        "11": {
          "x": 0.2270580530166626,
          "y": 0.22470438480377197,
          "visibility": 0.9999743103981018
        },
        "12": {
          "x": 0.7270130515098572,
          "y": 0.18196339905261993,
          "visibility": 0.9999693632125854
        },
        "13": {
          "x": 0.11637111753225327,
          "y": 0.44104844331741333,
          "visibility": 0.9975365400314331
        },
        "14": {
          "x": 1.1092846393585205,
          "y": 0.36944279074668884,
          "visibility": 0.9956386089324951
        },
        "15": {
          "x": 0.19528880715370178,
          "y": 0.29818814992904663,
          "visibility": 0.9966311454772949
        },
        "16": {
          "x": 0.9163630604743958,
          "y": 0.2041957676410675,
          "visibility": 0.9968210458755493
        },
        "23": {
          "x": 0.5073609352111816,
          "y": 0.6450845003128052,
          "visibility": 0.9999368190765381
        },
        "24": {
          "x": 0.9280509948730469,
          "y": 0.6585316061973572,
          "visibility": 0.9998905062675476
        },
        "25": {
          "x": 0.428436279296875,
          "y": 1.156435251235962,
          "visibility": 0.9986088275909424
        },
        "26": {
          "x": 1.2580807209014893,
          "y": 1.2388421297073364,
          "visibility": 0.9992741942405701
        },
        "27": {
          "x": 0.6493979096412659,
          "y": 1.7948273420333862,
          "visibility": 0.99579918384552
        },
        "28": {
          "x": 1.6365514993667603,
          "y": 1.9224247932434082,
          "visibility": 0.9935014247894287
        }
      },
      "onRoute": false,
      "prescribedLevel": null
    },
    {
      "sequence": 3,
      "limb": "leftHand",
      "row": 1,
      "col": 4,
      "timestamp": 33729.5,
      "duration": 2244.0999999996275,
      "skeleton": {
        "11": {
          "x": 0.3902800977230072,
          "y": 0.08257558196783066,
          "visibility": 0.9998486042022705
        },
        "12": {
          "x": 0.8418676257133484,
          "y": 0.06493722647428513,
          "visibility": 0.99996018409729
        },
        "13": {
          "x": 0.19020242989063263,
          "y": 0.2177840769290924,
          "visibility": 0.9750490784645081
        },
        "14": {
          "x": 1.238976001739502,
          "y": 0.15505577623844147,
          "visibility": 0.997474193572998
        },
        "15": {
          "x": 0.2637835443019867,
          "y": 0.08662937581539154,
          "visibility": 0.9698298573493958
        },
        "16": {
          "x": 1.00066077709198,
          "y": 0.023669369518756866,
          "visibility": 0.9943251013755798
        },
        "23": {
          "x": 0.566227912902832,
          "y": 0.4129613935947418,
          "visibility": 0.9996857643127441
        },
        "24": {
          "x": 0.9035778641700745,
          "y": 0.46007028222084045,
          "visibility": 0.9997536540031433
        },
        "25": {
          "x": 0.13872326910495758,
          "y": 0.35812756419181824,
          "visibility": 0.9835755228996277
        },
        "26": {
          "x": 1.0077240467071533,
          "y": 0.9471181035041809,
          "visibility": 0.9865961670875549
        },
        "27": {
          "x": 0.4689028263092041,
          "y": 0.6391006112098694,
          "visibility": 0.9426442384719849
        },
        "28": {
          "x": 1.3665462732315063,
          "y": 1.8531439304351807,
          "visibility": 0.9799178838729858
        }
      },
      "onRoute": false,
      "prescribedLevel": null,
      "difficultyScore": 17.646263856416866
    },
    {
      "sequence": 4,
      "limb": "rightHand",
      "row": 0,
      "col": 15,
      "timestamp": 34269.70000000112,
      "duration": 1903.1000000014901,
      "skeleton": {
        "11": {
          "x": 0.4006955623626709,
          "y": 0.0830138698220253,
          "visibility": 0.9998274445533752
        },
        "12": {
          "x": 0.8465715050697327,
          "y": 0.06713657826185226,
          "visibility": 0.9999653100967407
        },
        "13": {
          "x": 0.20103538036346436,
          "y": 0.21442873775959015,
          "visibility": 0.9709206223487854
        },
        "14": {
          "x": 1.2482738494873047,
          "y": 0.1520395427942276,
          "visibility": 0.9976415038108826
        },
        "15": {
          "x": 0.26602092385292053,
          "y": 0.08558093011379242,
          "visibility": 0.9648095369338989
        },
        "16": {
          "x": 0.9998099207878113,
          "y": 0.018321342766284943,
          "visibility": 0.9939236044883728
        },
        "23": {
          "x": 0.5796118378639221,
          "y": 0.4133928716182709,
          "visibility": 0.9996824860572815
        },
        "24": {
          "x": 0.9018470048904419,
          "y": 0.4584192633628845,
          "visibility": 0.9997895956039429
        },
        "25": {
          "x": 0.1415441632270813,
          "y": 0.37873002886772156,
          "visibility": 0.9777447581291199
        },
        "26": {
          "x": 0.9887625575065613,
          "y": 0.9606668949127197,
          "visibility": 0.9844672679901123
        },
        "27": {
          "x": 0.45404478907585144,
          "y": 0.6705185174942017,
          "visibility": 0.9244459271430969
        },
        "28": {
          "x": 1.3726683855056763,
          "y": 1.8693329095840454,
          "visibility": 0.9793403148651123
        }
      },
      "onRoute": false,
      "prescribedLevel": null,
      "difficultyScore": 0
    }
  ],