{
  "name": "Advanced Addaptive Test",
  "routeName": "Unknown Route",
  "timestamp": 1774980074185,
  "filledSequence": [
    {
      "sequence": 1,
      "limb": "rightHand",
      "row": 13,
      "col": 12,
      "timestamp": 74016,
      "duration": 1523.1000000014901,
      "skeleton": {
        "11": {
          "x": -0.8544203042984009,
          "y": 1.707558512687683,
          "visibility": 0.9961881637573242
        },
        "12": {
          "x": 0.784687876701355,
          "y": 1.5683553218841553,
          "visibility": 0.9982331395149231
        },
        "13": {
          "x": -1.0076305866241455,
          "y": 2.428861379623413,
          "visibility": 0.8008588552474976
        },
        "14": {
          "x": 2.1121222972869873,
          "y": 1.5590360164642334,
          "visibility": 0.9620751142501831
        },
        "15": {
          "x": -0.981565535068512,
          "y": 2.168959140777588,
          "visibility": 0.8642181754112244
        },
        "16": {
          "x": 0.7820879220962524,
          "y": 0.7697847485542297,
          "visibility": 0.947207510471344
        },
        "23": {
          "x": -0.45060551166534424,
          "y": 3.1871471405029297,
          "visibility": 0.0013718904228881001
        },
        "24": {
          "x": 0.7485337257385254,
          "y": 3.1425600051879883,
          "visibility": 0.001516367425210774
        },
        "25": {
          "x": -0.35615968704223633,
          "y": 4.384444236755371,
          "visibility": 0.013255993835628033
        },
        "26": {
          "x": 0.7464267015457153,
          "y": 4.426401138305664,
          "visibility": 0.01505778543651104
        },
        "27": {
          "x": -0.25985267758369446,
          "y": 5.6107282638549805,
          "visibility": 0.0059038917534053326
        },
        "28": {
          "x": 0.8496091961860657,
          "y": 5.5605387687683105,
          "visibility": 0.005161226727068424
        }
      },
      "onRoute": false,
      "prescribedLevel": null,
      "difficultyScore": 0
    },
    {
      "sequence": 2,
      "limb": "rightHand",
      "row": 10,
      "col": 15,
      "timestamp": 80348.69999999925,
      "duration": 2022.0999999977648,
      "skeleton": {
        "11": {
          "x": -0.7995667457580566,
          "y": 1.6886705160140991,
          "visibility": 0.9992777109146118
        },
        "12": {
          "x": 0.8492506742477417,
          "y": 1.5361170768737793,
          "visibility": 0.9995898008346558
        },
        "13": {
          "x": -1.0167763233184814,
          "y": 2.3849222660064697,
          "visibility": 0.776051938533783
        },
        "14": {
          "x": 2.1446492671966553,
          "y": 1.4399996995925903,
          "visibility": 0.9739992618560791
        },
        "15": {
          "x": -0.7762118577957153,
          "y": 1.7876322269439697,
          "visibility": 0.8486010432243347
        },
        "16": {
          "x": 0.9462115168571472,
          "y": 0.6011177897453308,
          "visibility": 0.9539918303489685
        },
        "23": {
          "x": -0.343010276556015,
          "y": 3.1450963020324707,
          "visibility": 0.0004902273649349809
        },
        "24": {
          "x": 0.8702276349067688,
          "y": 3.0747110843658447,
          "visibility": 0.000525181123521179
        },
        "25": {
          "x": -0.19573816657066345,
          "y": 4.341948509216309,
          "visibility": 0.010580594651401043
        },
        "26": {
          "x": 0.9143539071083069,
          "y": 4.322875022888184,
          "visibility": 0.009882389567792416
        },
        "27": {
          "x": -0.028026605024933815,
          "y": 5.5581231117248535,
          "visibility": 0.005724843591451645
        },
        "28": {
          "x": 1.078419804573059,
          "y": 5.429872512817383,
          "visibility": 0.0038636126555502415
        }
      },
      "onRoute": false,
      "prescribedLevel": null,
      "difficultyScore": 0
    },
    {
      "sequence": 3,
      "limb": "leftHand",
      "row": 10,
      "col": 4,
      "timestamp": 85966.39999999851,
      "duration": 1386.199999999255,
      "skeleton": {
        "11": {
          "x": 0.15213820338249207,
          "y": 1.6352189779281616,
          "visibility": 0.9941369891166687
        },
        "12": {
          "x": 1.8432466983795166,
          "y": 1.7444984912872314,
          "visibility": 0.9943190813064575
        },
        "13": {
          "x": -0.8332184553146362,
          "y": 1.6566661596298218,
          "visibility": 0.9237877130508423
        },
        "14": {
          "x": 2.4901280403137207,
          "y": 2.3070743083953857,
          "visibility": 0.48202693462371826
        },
        "15": {
          "x": 0.26950234174728394,
          "y": 0.5890803933143616,
          "visibility": 0.9736307859420776
        },
        "16": {
          "x": 2.605116128921509,
          "y": 2.380155086517334,
          "visibility": 0.6020104885101318
        },
        "23": {
          "x": 0.1882392019033432,
          "y": 3.233783006668091,
          "visibility": 0.004072412382811308
        },
        "24": {
          "x": 1.3333392143249512,
          "y": 3.2931501865386963,
          "visibility": 0.00341875315643847
        },
        "25": {
          "x": 0.1373308151960373,
          "y": 4.489369869232178,
          "visibility": 0.015871983021497726
        },
        "26": {
          "x": 1.2738667726516724,
          "y": 4.537943363189697,
          "visibility": 0.013932963833212852
        },
        "27": {
          "x": 0.24317772686481476,
          "y": 5.632129192352295,
          "visibility": 0.014171814545989037
        },
        "28": {
          "x": 1.2405070066452026,
          "y": 5.662922382354736,
          "visibility": 0.009313441812992096
        }
      },
      "onRoute": false,
      "prescribedLevel": null,
      "difficultyScore": 0
    },
    {
      "sequence": 4,
      "limb": "leftHand",
      "row": 7,
      "col": 3,
      "timestamp": 98406.5,
      "duration": 1916.800000000745,
      "skeleton": {
        "11": {
          "x": 0.10888411104679108,
          "y": 1.609255075454712,
          "visibility": 0.9957846403121948
        },
        "12": {
          "x": 1.878241777420044,
          "y": 1.749478816986084,
          "visibility": 0.9945282936096191
        },
        "13": {
          "x": -0.9113925695419312,
          "y": 1.4616708755493164,
          "visibility": 0.9460679888725281
        },
        "14": {
          "x": 2.3849360942840576,
          "y": 2.2545833587646484,
          "visibility": 0.5192081332206726
        },
        "15": {
          "x": 0.19934363663196564,
          "y": 0.43316176533699036,
          "visibility": 0.9782388806343079
        },
        "16": {
          "x": 2.5460047721862793,
          "y": 2.1357429027557373,
          "visibility": 0.690717875957489
        },
        "23": {
          "x": 0.09522439539432526,
          "y": 3.427232503890991,
          "visibility": 0.009355410933494568
        },
        "24": {
          "x": 1.3390085697174072,
          "y": 3.468075752258301,
          "visibility": 0.007031416054815054
        },
        "25": {
          "x": 0.07739219814538956,
          "y": 4.818158149719238,
          "visibility": 0.014293065294623375
        },
        "26": {
          "x": 1.2674633264541626,
          "y": 4.805971622467041,
          "visibility": 0.012736234813928604
        },
        "27": {
          "x": 0.21504968404769897,
          "y": 6.0550665855407715,
          "visibility": 0.016953401267528534
        },
        "28": {
          "x": 1.257032036781311,
          "y": 6.037527561187744,
          "visibility": 0.009962648153305054
        }
      },
      "onRoute": false,
      "prescribedLevel": null,